Equation,ResultatX0,ResultatX1
Equation 1:3.770288574632816x2+-5.765853404799374E-7x-1.5288535457492425,,0.6367892138317672
Equation 2:3.770288574632816x2+-5.765853404799374E-7x-1.5288535457492425,,-0.6367890609030646
