Equation,ResultatX0,ResultatX1
Equation 1:3.561195057958995x2+-6.720371199673508E-7x-1.7127809242051355,,0.6935105733987116
Equation 2:3.561195057958995x2+-6.720371199673508E-7x-1.7127809242051355,,-0.6935103846875881
